pattern,rating,events,pattern_str
"0.054233067,0.0,0.0,-0.6458155,0.89328283,1.5774865,-1.0482813,-1.2926613,-1.2926613,0.20228435,0.89328283,-1.3681109,1.9392579,-1.6917547,2.0316434,2.0298724,-1.2131063,-0.29076913,-0.96403855,0.0,0.0,0.0,0.0,0.0,0.0,0.0,0.0,0.0,0.0,0.0,0.0,0.0,0.0,0.0",0.98115825,"[66, 75, 8, 19, 23]",a.x < b.x or a.y <  87384 and a.z >  12374 and b.x < c.x or b.y < c.y or b.z <  1165 and c.x < d.x or c.y not = d.y or  and d.x <  76435 and d.y = e.y or d.z > e.z and e.x >  67171 and e.y >  29426 and 
