pattern,rating,events,pattern_str
"-1.3991809,0.0,0.0,-1.3991809,-0.41646734,0.40798596,-0.5106335,0.59868705,-2.0796,-0.3084849,-1.552769,-1.560479,1.3007952,0.0,0.0,0.0,0.0,0.0,0.0,0.0,0.0,0.0,0.0,0.0,0.0,0.0,0.0,0.0,0.0,0.0,0.0,0.0,0.0,0.0",4.18,"[14, 14, 68]",
